{"cameraMode":{"drawMode":0,"name":"Shaded","section":"Shading Mode"},"sceneLighting":true,"audioPlay":false,"sceneViewState":{"showFog":false,"showMaterialUpdate":true,"showSkybox":false,"showFlares":false,"showImageEffects":true,"showParticleSystems":true},"in2DMode":false,"pivot":{"x":-767.5504150390625,"y":100.060546875,"z":-105.28240966796875},"rotation":{"x":-0.05753616988658905,"y":-0.17520952224731446,"z":0.010402834042906762,"w":-0.9828534126281738},"size":295.1573791503906,"orthographic":false}